file,server,phase,cache_prompt,cache_n,prompt_n,prompt_ms,ttft_s,total_s
cache_reuse_raw.json,default,cold (cache on),True,0,8207,763.82,0.801,1.041
cache_reuse_raw.json,default,"warm, same prefix (on)",True,8197,10,15.77,0.022,0.255
cache_reuse_raw.json,default,same prefix (cache off),False,0,8207,764.74,0.77,1.012
cache_reuse_raw.json,default,same prefix (on again),True,8197,10,15.24,0.022,0.257
cache_reuse_raw.json,default,new prefix B (evicts A),True,0,8207,761.51,1.087,1.318
cache_reuse_raw.json,default,back to A (RAM cache),True,8197,10,13.38,0.394,0.624
cache_reuse_flagoff.json,default,header + doc (cold),True,0,7695,734.1,0.741,0.978
cache_reuse_flagoff.json,default,doc alone (moved earlier),True,0,7183,657.59,0.927,1.159
cache_reuse_flagon.json,--cache-reuse 256,header + doc (cold),True,0,7695,728.72,0.736,0.974
cache_reuse_flagon.json,--cache-reuse 256,doc alone (moved earlier),True,7173,10,21.69,0.267,0.498
cache_reuse_verify.json,--cache-reuse 256,exact prefix #0 (off),False,0,8208,788.39,0.795,1.035
cache_reuse_verify.json,--cache-reuse 256,exact prefix #0 (on),True,8207,1,9.09,0.018,0.248
cache_reuse_verify.json,--cache-reuse 256,shift baseline #0 (off),False,0,7696,716.86,0.981,1.219
cache_reuse_verify.json,--cache-reuse 256,shifted #0 (off),False,0,7184,663.94,1.02,1.252
cache_reuse_verify.json,--cache-reuse 256,shift baseline #0 again (off),False,0,7696,715.04,1.017,1.25
cache_reuse_verify.json,--cache-reuse 256,shifted #0 (on),True,7183,1,9.87,0.358,0.589
cache_reuse_verify.json,--cache-reuse 256,exact prefix #1 (off),False,0,8208,766.84,0.774,1.004
cache_reuse_verify.json,--cache-reuse 256,exact prefix #1 (on),True,8207,1,8.73,0.016,0.244
cache_reuse_verify.json,--cache-reuse 256,shift baseline #1 (off),False,0,7696,716.15,1.064,1.297
cache_reuse_verify.json,--cache-reuse 256,shifted #1 (off),False,0,7184,663.77,1.001,1.233
cache_reuse_verify.json,--cache-reuse 256,shift baseline #1 again (off),False,0,7696,715.83,1.062,1.295
cache_reuse_verify.json,--cache-reuse 256,shifted #1 (on),True,7183,1,9.83,0.367,0.597
cache_reuse_verify.json,--cache-reuse 256,exact prefix #2 (off),False,0,8208,769.37,0.777,1.007
cache_reuse_verify.json,--cache-reuse 256,exact prefix #2 (on),True,8207,1,8.74,0.016,0.244
cache_reuse_verify.json,--cache-reuse 256,shift baseline #2 (off),False,0,7696,716.95,1.085,1.318
cache_reuse_verify.json,--cache-reuse 256,shifted #2 (off),False,0,7184,667.86,1.037,1.269
cache_reuse_verify.json,--cache-reuse 256,shift baseline #2 again (off),False,0,7696,718.94,1.052,1.286
cache_reuse_verify.json,--cache-reuse 256,shifted #2 (on),True,7183,1,9.81,0.346,0.576
cache_reuse_verify.json,--cache-reuse 256,exact prefix #3 (off),False,0,8208,774.03,0.78,1.011
cache_reuse_verify.json,--cache-reuse 256,exact prefix #3 (on),True,8207,1,9.0,0.018,0.246
cache_reuse_verify.json,--cache-reuse 256,shift baseline #3 (off),False,0,7696,720.61,1.092,1.325
cache_reuse_verify.json,--cache-reuse 256,shifted #3 (off),False,0,7184,669.28,1.03,1.261
cache_reuse_verify.json,--cache-reuse 256,shift baseline #3 again (off),False,0,7696,721.54,1.049,1.285
cache_reuse_verify.json,--cache-reuse 256,shifted #3 (on),True,7183,1,9.81,0.353,0.584
cache_reuse_verify_isolated.json,--cache-reuse 256 --cache-ram 0,exact prefix #0 (off),False,0,8208,787.83,0.795,1.038
cache_reuse_verify_isolated.json,--cache-reuse 256 --cache-ram 0,exact prefix #0 (on),True,8207,1,9.56,0.018,0.247
cache_reuse_verify_isolated.json,--cache-reuse 256 --cache-ram 0,exact prefix #0 (on again),True,8207,1,9.5,0.018,0.248
cache_reuse_verify_isolated.json,--cache-reuse 256 --cache-ram 0,moved #0 baseline (off),False,0,7696,718.18,0.725,0.961
cache_reuse_verify_isolated.json,--cache-reuse 256 --cache-ram 0,moved #0 (off),False,0,7184,664.97,0.671,0.903
cache_reuse_verify_isolated.json,--cache-reuse 256 --cache-ram 0,moved #0 baseline again (off),False,0,7696,717.56,0.724,0.957
cache_reuse_verify_isolated.json,--cache-reuse 256 --cache-ram 0,moved #0 (on),True,7173,11,21.88,0.028,0.262
cache_reuse_verify_isolated.json,--cache-reuse 256 --cache-ram 0,moved #0 (on again),True,7183,1,8.5,0.021,0.244
cache_reuse_verify_isolated.json,--cache-reuse 256 --cache-ram 0,exact prefix #1 (off),False,0,8208,770.04,0.778,1.01
cache_reuse_verify_isolated.json,--cache-reuse 256 --cache-ram 0,exact prefix #1 (on),True,8207,1,9.02,0.018,0.248
cache_reuse_verify_isolated.json,--cache-reuse 256 --cache-ram 0,exact prefix #1 (on again),True,8207,1,8.69,0.017,0.245
cache_reuse_verify_isolated.json,--cache-reuse 256 --cache-ram 0,moved #1 baseline (off),False,0,7696,721.04,0.727,0.961
cache_reuse_verify_isolated.json,--cache-reuse 256 --cache-ram 0,moved #1 (off),False,0,7184,669.14,0.677,0.91
cache_reuse_verify_isolated.json,--cache-reuse 256 --cache-ram 0,moved #1 baseline again (off),False,0,7696,723.4,0.731,0.966
cache_reuse_verify_isolated.json,--cache-reuse 256 --cache-ram 0,moved #1 (on),True,7173,11,22.06,0.037,0.261
cache_reuse_verify_isolated.json,--cache-reuse 256 --cache-ram 0,moved #1 (on again),True,7183,1,9.54,0.02,0.253
cache_reuse_verify_isolated.json,--cache-reuse 256 --cache-ram 0,exact prefix #2 (off),False,0,8208,780.72,0.786,1.019
cache_reuse_verify_isolated.json,--cache-reuse 256 --cache-ram 0,exact prefix #2 (on),True,8207,1,10.05,0.018,0.248
cache_reuse_verify_isolated.json,--cache-reuse 256 --cache-ram 0,exact prefix #2 (on again),True,8207,1,10.26,0.018,0.248
cache_reuse_verify_isolated.json,--cache-reuse 256 --cache-ram 0,moved #2 baseline (off),False,0,7696,725.83,0.733,0.966
cache_reuse_verify_isolated.json,--cache-reuse 256 --cache-ram 0,moved #2 (off),False,0,7184,672.4,0.681,0.912
cache_reuse_verify_isolated.json,--cache-reuse 256 --cache-ram 0,moved #2 baseline again (off),False,0,7696,723.54,0.731,0.963
cache_reuse_verify_isolated.json,--cache-reuse 256 --cache-ram 0,moved #2 (on),True,7173,11,22.55,0.031,0.264
cache_reuse_verify_isolated.json,--cache-reuse 256 --cache-ram 0,moved #2 (on again),True,7183,1,8.67,0.015,0.244
cache_reuse_verify_isolated.json,--cache-reuse 256 --cache-ram 0,exact prefix #3 (off),False,0,8208,777.28,0.785,1.015
cache_reuse_verify_isolated.json,--cache-reuse 256 --cache-ram 0,exact prefix #3 (on),True,8207,1,8.69,0.016,0.244
cache_reuse_verify_isolated.json,--cache-reuse 256 --cache-ram 0,exact prefix #3 (on again),True,8207,1,8.54,0.016,0.243
cache_reuse_verify_isolated.json,--cache-reuse 256 --cache-ram 0,moved #3 baseline (off),False,0,7696,724.16,0.731,0.964
cache_reuse_verify_isolated.json,--cache-reuse 256 --cache-ram 0,moved #3 (off),False,0,7184,672.05,0.679,0.91
cache_reuse_verify_isolated.json,--cache-reuse 256 --cache-ram 0,moved #3 baseline again (off),False,0,7696,724.16,0.731,0.964
cache_reuse_verify_isolated.json,--cache-reuse 256 --cache-ram 0,moved #3 (on),True,7173,11,21.71,0.028,0.26
cache_reuse_verify_isolated.json,--cache-reuse 256 --cache-ram 0,moved #3 (on again),True,7183,1,8.52,0.015,0.245
